FIELD,TABLE
URN_IDM_INDIV,ACS_MQLR0.MQL_MODELING_CLEAN_POSITIVE_20JAN2022
URN_IDM_COMP,ACS_MQLR0.MQL_MODELING_CLEAN_POSITIVE_20JAN2022
URN_IDM_COMP_IOP,ACS_MQLR0.MQL_MODELING_CLEAN_POSITIVE_20JAN2022
URN_IDM_COMP_NEW,ACS_MQLR0.MQL_MODELING_CLEAN_POSITIVE_20JAN2022
URN_IDM_INDIV_ACTV,ACS_MQLR0.MQL_MODELING_CLEAN_POSITIVE_20JAN2022
URN_IDM_COMP_NEW_ACTV,ACS_MQLR0.MQL_MODELING_CLEAN_POSITIVE_20JAN2022
MIP_INBOUND_MKTG_INTRCTN_ID,ACS_MQLR0.MQL_MODELING_CLEAN_POSITIVE_20JAN2022
OPTY_NUM,ACS_MQLR0.MQL_MODELING_CLEAN_POSITIVE_20JAN2022
OPTY_DTL_KEY,ACS_MQLR0.MQL_MODELING_CLEAN_POSITIVE_20JAN2022
OPTY_ID,ACS_MQLR0.MQL_MODELING_CLEAN_POSITIVE_20JAN2022
OPTY_ID_NAME,ACS_MQLR0.MQL_MODELING_CLEAN_POSITIVE_20JAN2022
OPTY_SRC_CD,ACS_MQLR0.MQL_MODELING_CLEAN_POSITIVE_20JAN2022
OPTY_SRC_NAME,ACS_MQLR0.MQL_MODELING_CLEAN_POSITIVE_20JAN2022
OPTY_SALES_STAGE,ACS_MQLR0.MQL_MODELING_CLEAN_POSITIVE_20JAN2022
MODEL_UT10_FLG,ACS_MQLR0.MQL_MODELING_CLEAN_POSITIVE_20JAN2022
MODEL_UT15_1_FLG,ACS_MQLR0.MQL_MODELING_CLEAN_POSITIVE_20JAN2022
MODEL_UT15_2_FLG,ACS_MQLR0.MQL_MODELING_CLEAN_POSITIVE_20JAN2022
MODEL_UT15_3_FLG,ACS_MQLR0.MQL_MODELING_CLEAN_POSITIVE_20JAN2022
MODEL_UT20_1_FLG,ACS_MQLR0.MQL_MODELING_CLEAN_POSITIVE_20JAN2022
MODEL_UT20_2_FLG,ACS_MQLR0.MQL_MODELING_CLEAN_POSITIVE_20JAN2022
MODEL_UT20_3_FLG,ACS_MQLR0.MQL_MODELING_CLEAN_POSITIVE_20JAN2022
MODEL_UT20_4_FLG,ACS_MQLR0.MQL_MODELING_CLEAN_POSITIVE_20JAN2022
MODEL_UT20_5_FLG,ACS_MQLR0.MQL_MODELING_CLEAN_POSITIVE_20JAN2022
MODEL_UT20_6_FLG,ACS_MQLR0.MQL_MODELING_CLEAN_POSITIVE_20JAN2022
MODEL_UT20_7_FLG,ACS_MQLR0.MQL_MODELING_CLEAN_POSITIVE_20JAN2022
DV_IS_OPEN,ACS_MQLR0.MQL_MODELING_CLEAN_POSITIVE_20JAN2022
DV_IS_WIN,ACS_MQLR0.MQL_MODELING_CLEAN_POSITIVE_20JAN2022
NEW_CONTACT_FLG,ACS_MQLR0.MQL_MODELING_CLEAN_POSITIVE_20JAN2022
DAYS_DIFF,ACS_MQLR0.MQL_MODELING_CLEAN_POSITIVE_20JAN2022
JOB_LVL_CD,ACS_MQLR0.MQL_MODELING_CLEAN_POSITIVE_20JAN2022
NEW_CLIENT_FLG,ACS_MQLR0.MQL_MODELING_CLEAN_POSITIVE_20JAN2022
P_SCORE,ACS_MQLR0.MQL_MODELING_CLEAN_POSITIVE_20JAN2022
IND_STRENGTH_NUM,ACS_MQLR0.MQL_MODELING_CLEAN_POSITIVE_20JAN2022
MCCT_OTH_COMP_CNT_1YR,ACS_MQLR0.MQL_MODELING_CLEAN_POSITIVE_20JAN2022
UT10_OFFER_10G00_COMP_CNT_60DAYS,ACS_MQLR0.MQL_MODELING_CLEAN_POSITIVE_20JAN2022
UT15_OFFER_15MSC_COMP_CNT_1YR,ACS_MQLR0.MQL_MODELING_CLEAN_POSITIVE_20JAN2022
UT30_OFFER_30A5C_COMP_CNT_1YR,ACS_MQLR0.MQL_MODELING_CLEAN_POSITIVE_20JAN2022
UT30_OFFER_30AG3_COMP_CNT_60DAYS,ACS_MQLR0.MQL_MODELING_CLEAN_POSITIVE_20JAN2022
UT30_OFFER_30AXK_COMP_CNT_1YR,ACS_MQLR0.MQL_MODELING_CLEAN_POSITIVE_20JAN2022
UT30_OFFER_30BQJ_COMP_CNT_1YR,ACS_MQLR0.MQL_MODELING_CLEAN_POSITIVE_20JAN2022
UT30_OFFER_30BQX_COMP_CNT_1YR,ACS_MQLR0.MQL_MODELING_CLEAN_POSITIVE_20JAN2022
CNTTYP_TY016_COMP_CNT_1YR,ACS_MQLR0.MQL_MODELING_CLEAN_POSITIVE_20JAN2022
UT15_OFFER_15SCT_COMP_CNT_60DAYS,ACS_MQLR0.MQL_MODELING_CLEAN_POSITIVE_20JAN2022
UT20_OFFER_20D0C_COMP_CNT_60DAYS,ACS_MQLR0.MQL_MODELING_CLEAN_POSITIVE_20JAN2022
CNTTYP_TY708_COMP_CNT_1YR,ACS_MQLR0.MQL_MODELING_CLEAN_POSITIVE_20JAN2022
UT20_OFFER_20A0X_COMP_CNT_1YR,ACS_MQLR0.MQL_MODELING_CLEAN_POSITIVE_20JAN2022
UT15_OFFER_15ITT_COMP_CNT_60DAYS,ACS_MQLR0.MQL_MODELING_CLEAN_POSITIVE_20JAN2022
UT20_OFFER_20A0N_COMP_CNT_1YR,ACS_MQLR0.MQL_MODELING_CLEAN_POSITIVE_20JAN2022
UT20_OFFER_20B14_COMP_CNT_1YR,ACS_MQLR0.MQL_MODELING_CLEAN_POSITIVE_20JAN2022
UT20_OFFER_20B15_COMP_CNT_1YR,ACS_MQLR0.MQL_MODELING_CLEAN_POSITIVE_20JAN2022
UT15_OFFER_15JHO_COMP_CNT_1YR,ACS_MQLR0.MQL_MODELING_CLEAN_POSITIVE_20JAN2022
UT30_OFFER_30BHY_COMP_CNT_1YR,ACS_MQLR0.MQL_MODELING_CLEAN_POSITIVE_20JAN2022
UT30_OFFER_30BQY_COMP_CNT_1YR,ACS_MQLR0.MQL_MODELING_CLEAN_POSITIVE_20JAN2022
CNTTYP_TY012_COMP_CNT_1YR,ACS_MQLR0.MQL_MODELING_CLEAN_POSITIVE_20JAN2022
UT20_OFFER_20COP_COMP_CNT_1YR,ACS_MQLR0.MQL_MODELING_CLEAN_POSITIVE_20JAN2022
CNTTYP_TY730_COMP_CNT_60DAYS,ACS_MQLR0.MQL_MODELING_CLEAN_POSITIVE_20JAN2022
UT20_OFFER_20B1A_COMP_CNT_1YR,ACS_MQLR0.MQL_MODELING_CLEAN_POSITIVE_20JAN2022
UT15_OFFER_15IGO_COMP_CNT_60DAYS,ACS_MQLR0.MQL_MODELING_CLEAN_POSITIVE_20JAN2022
MITC_REGD_COMP_CNT_1YR,ACS_MQLR0.MQL_MODELING_CLEAN_POSITIVE_20JAN2022
UT10_OFFER_10M00_COMP_CNT_1YR,ACS_MQLR0.MQL_MODELING_CLEAN_POSITIVE_20JAN2022
UT30_OFFER_30AGB_COMP_CNT_1YR,ACS_MQLR0.MQL_MODELING_CLEAN_POSITIVE_20JAN2022
CNTTYP_TY006_COMP_CNT_1YR,ACS_MQLR0.MQL_MODELING_CLEAN_POSITIVE_20JAN2022
UT15_OFFER_15MHW_COMP_CNT_1YR,ACS_MQLR0.MQL_MODELING_CLEAN_POSITIVE_20JAN2022
MITC_PREC_COMP_CNT_60DAYS,ACS_MQLR0.MQL_MODELING_CLEAN_POSITIVE_20JAN2022
CNTTYP_TY013_COMP_CNT_60DAYS,ACS_MQLR0.MQL_MODELING_CLEAN_POSITIVE_20JAN2022
CNTTYP_TY729_COMP_CNT_1YR,ACS_MQLR0.MQL_MODELING_CLEAN_POSITIVE_20JAN2022
UT15_OFFER_15WTH_COMP_CNT_1YR,ACS_MQLR0.MQL_MODELING_CLEAN_POSITIVE_20JAN2022
UT15_OFFER_153QH_COMP_CNT_60DAYS,ACS_MQLR0.MQL_MODELING_CLEAN_POSITIVE_20JAN2022
BJ_DSC_COMP_CNT_1YR,ACS_MQLR0.MQL_MODELING_CLEAN_POSITIVE_20JAN2022
MITC_ATND_COMP_CNT_60DAYS,ACS_MQLR0.MQL_MODELING_CLEAN_POSITIVE_20JAN2022
UT20_OFFER_20A0W_COMP_CNT_1YR,ACS_MQLR0.MQL_MODELING_CLEAN_POSITIVE_20JAN2022
UT20_OFFER_20A0Y_COMP_CNT_1YR,ACS_MQLR0.MQL_MODELING_CLEAN_POSITIVE_20JAN2022
CNTTYP_TY104_COMP_CNT_1YR,ACS_MQLR0.MQL_MODELING_CLEAN_POSITIVE_20JAN2022
UT15_OFFER_15ANP_COMP_CNT_60DAYS,ACS_MQLR0.MQL_MODELING_CLEAN_POSITIVE_20JAN2022
UT30_OFFER_30AYO_COMP_CNT_1YR,ACS_MQLR0.MQL_MODELING_CLEAN_POSITIVE_20JAN2022
UT20_OFFER_20A11_COMP_CNT_1YR,ACS_MQLR0.MQL_MODELING_CLEAN_POSITIVE_20JAN2022
UT15_OFFER_15PHW_COMP_CNT_1YR,ACS_MQLR0.MQL_MODELING_CLEAN_POSITIVE_20JAN2022
UT10_OFFER_10J00_COMP_CNT_1YR,ACS_MQLR0.MQL_MODELING_CLEAN_POSITIVE_20JAN2022
BJ_BUY_COMP_CNT_1YR,ACS_MQLR0.MQL_MODELING_CLEAN_POSITIVE_20JAN2022
UT15_OFFER_15STS_COMP_CNT_1YR,ACS_MQLR0.MQL_MODELING_CLEAN_POSITIVE_20JAN2022
UT15_OFFER_15STT_COMP_CNT_1YR,ACS_MQLR0.MQL_MODELING_CLEAN_POSITIVE_20JAN2022
MCCT_F2F_COMP_CNT_1YR,ACS_MQLR0.MQL_MODELING_CLEAN_POSITIVE_20JAN2022
CNTTYP_TY008_COMP_CNT_60DAYS,ACS_MQLR0.MQL_MODELING_CLEAN_POSITIVE_20JAN2022
UT10_OFFER_10G00_COMP_CNT_1YR,ACS_MQLR0.MQL_MODELING_CLEAN_POSITIVE_20JAN2022
MCCT_EML_COMP_CNT_1YR,ACS_MQLR0.MQL_MODELING_CLEAN_POSITIVE_20JAN2022
UT30_OFFER_30DEZ_COMP_CNT_1YR,ACS_MQLR0.MQL_MODELING_CLEAN_POSITIVE_20JAN2022
UT15_OFFER_15SCT_COMP_CNT_1YR,ACS_MQLR0.MQL_MODELING_CLEAN_POSITIVE_20JAN2022
UT15_OFFER_15ITT_COMP_CNT_1YR,ACS_MQLR0.MQL_MODELING_CLEAN_POSITIVE_20JAN2022
UT30_OFFER_30AG3_COMP_CNT_1YR,ACS_MQLR0.MQL_MODELING_CLEAN_POSITIVE_20JAN2022
UT10_OFFER_10C00_COMP_CNT_1YR,ACS_MQLR0.MQL_MODELING_CLEAN_POSITIVE_20JAN2022
UT15_OFFER_15IGO_COMP_CNT_1YR,ACS_MQLR0.MQL_MODELING_CLEAN_POSITIVE_20JAN2022
MITC_PREC_COMP_CNT_1YR,ACS_MQLR0.MQL_MODELING_CLEAN_POSITIVE_20JAN2022
UT15_OFFER_153QH_COMP_CNT_1YR,ACS_MQLR0.MQL_MODELING_CLEAN_POSITIVE_20JAN2022
MITC_ATND_COMP_CNT_1YR,ACS_MQLR0.MQL_MODELING_CLEAN_POSITIVE_20JAN2022
UT15_OFFER_15ANP_COMP_CNT_1YR,ACS_MQLR0.MQL_MODELING_CLEAN_POSITIVE_20JAN2022
AVG_RESP_DAYS_COMP,ACS_MQLR0.MQL_MODELING_CLEAN_POSITIVE_20JAN2022
UT10_OFFER_10A00_COMP_CNT_1YR,ACS_MQLR0.MQL_MODELING_CLEAN_POSITIVE_20JAN2022
UT15_OFFER_15TMS_COMP_CNT_1YR_FLG,ACS_MQLR0.MQL_MODELING_CLEAN_POSITIVE_20JAN2022
UT15_OFFER_156UX_COMP_CNT_1YR_FLG,ACS_MQLR0.MQL_MODELING_CLEAN_POSITIVE_20JAN2022
UT15_OFFER_15CLS_COMP_CNT_1YR_FLG,ACS_MQLR0.MQL_MODELING_CLEAN_POSITIVE_20JAN2022
UT15_OFFER_15WCG_COMP_CNT_1YR_FLG,ACS_MQLR0.MQL_MODELING_CLEAN_POSITIVE_20JAN2022
UT15_OFFER_15CAI_COMP_CNT_1YR_FLG,ACS_MQLR0.MQL_MODELING_CLEAN_POSITIVE_20JAN2022
UT15_OFFER_15TSS_COMP_CNT_1YR_FLG,ACS_MQLR0.MQL_MODELING_CLEAN_POSITIVE_20JAN2022
UT15_OFFER_15EDG_COMP_CNT_1YR_FLG,ACS_MQLR0.MQL_MODELING_CLEAN_POSITIVE_20JAN2022
UT10_OFFER_10M00_INDIV_CNT_1YR_FLG,ACS_MQLR0.MQL_MODELING_CLEAN_POSITIVE_20JAN2022
UT15_OFFER_15ISS_INDIV_CNT_1YR_FLG,ACS_MQLR0.MQL_MODELING_CLEAN_POSITIVE_20JAN2022
UT15_OFFER_15ITT_INDIV_CNT_1YR_FLG,ACS_MQLR0.MQL_MODELING_CLEAN_POSITIVE_20JAN2022
UT15_OFFER_15PHW_INDIV_CNT_1YR_FLG,ACS_MQLR0.MQL_MODELING_CLEAN_POSITIVE_20JAN2022
UT15_OFFER_15IGO_INDIV_CNT_1YR_FLG,ACS_MQLR0.MQL_MODELING_CLEAN_POSITIVE_20JAN2022
UT15_OFFER_15SCT_INDIV_CNT_1YR_FLG,ACS_MQLR0.MQL_MODELING_CLEAN_POSITIVE_20JAN2022
UT15_OFFER_153QH_INDIV_CNT_1YR_FLG,ACS_MQLR0.MQL_MODELING_CLEAN_POSITIVE_20JAN2022
UT15_OFFER_15STT_INDIV_CNT_1YR_FLG,ACS_MQLR0.MQL_MODELING_CLEAN_POSITIVE_20JAN2022
UT10_OFFER_10C00_INDIV_CNT_1YR_FLG,ACS_MQLR0.MQL_MODELING_CLEAN_POSITIVE_20JAN2022
UT15_OFFER_15ANP_INDIV_CNT_1YR_FLG,ACS_MQLR0.MQL_MODELING_CLEAN_POSITIVE_20JAN2022
UT10_OFFER_10A00_INDIV_CNT_1YR_FLG,ACS_MQLR0.MQL_MODELING_CLEAN_POSITIVE_20JAN2022
AVG_RESP_DAYS_INDIV_FLG,ACS_MQLR0.MQL_MODELING_CLEAN_POSITIVE_20JAN2022
ADV_FRAUD_PRTCT_20B13_LEAD_COMP_SUM_C_FLG,ACS_MQLR0.MQL_MODELING_CLEAN_POSITIVE_20JAN2022
ADV_FRAUD_PRTCT_20B13_WON_LEAD_COMP_SUM_C_FLG,ACS_MQLR0.MQL_MODELING_CLEAN_POSITIVE_20JAN2022
AI_APP_15ITT_WON_LEAD_COMP_SUM_C_FLG,ACS_MQLR0.MQL_MODELING_CLEAN_POSITIVE_20JAN2022
ASSET_MGMT_20B1A_LEAD_COMP_SUM_C_FLG,ACS_MQLR0.MQL_MODELING_CLEAN_POSITIVE_20JAN2022
ASSET_MGMT_20B1A_WON_LEAD_COMP_SUM_C_FLG,ACS_MQLR0.MQL_MODELING_CLEAN_POSITIVE_20JAN2022
B2B_COLLAB_20B2P_LEAD_COMP_SUM_C_FLG,ACS_MQLR0.MQL_MODELING_CLEAN_POSITIVE_20JAN2022
B2B_COLLAB_20B2P_WON_LEAD_COMP_SUM_C_FLG,ACS_MQLR0.MQL_MODELING_CLEAN_POSITIVE_20JAN2022
BLOCKCHAIN_156UX_LEAD_COMP_SUM_C_FLG,ACS_MQLR0.MQL_MODELING_CLEAN_POSITIVE_20JAN2022
BUS_AUTO_20A0Y_WON_LEAD_COMP_SUM_C_FLG,ACS_MQLR0.MQL_MODELING_CLEAN_POSITIVE_20JAN2022
CIS_20B1F_LEAD_COMP_SUM_C_FLG,ACS_MQLR0.MQL_MODELING_CLEAN_POSITIVE_20JAN2022
CIS_20B1F_WON_LEAD_COMP_SUM_C_FLG,ACS_MQLR0.MQL_MODELING_CLEAN_POSITIVE_20JAN2022
CIS_20N2F_LEAD_COMP_SUM_C_FLG,ACS_MQLR0.MQL_MODELING_CLEAN_POSITIVE_20JAN2022
CIS_20N2F_WON_LEAD_COMP_SUM_C_FLG,ACS_MQLR0.MQL_MODELING_CLEAN_POSITIVE_20JAN2022
CLD_APP_MGMT_20J01_LEAD_COMP_SUM_C_FLG,ACS_MQLR0.MQL_MODELING_CLEAN_POSITIVE_20JAN2022
CLD_APP_MGMT_20J01_WON_LEAD_COMP_SUM_C_FLG,ACS_MQLR0.MQL_MODELING_CLEAN_POSITIVE_20JAN2022
CLD_MGMT_20APO_WON_LEAD_COMP_SUM_C_FLG,ACS_MQLR0.MQL_MODELING_CLEAN_POSITIVE_20JAN2022
CLD_OBJ_STR_20D0E_LEAD_COMP_SUM_C_FLG,ACS_MQLR0.MQL_MODELING_CLEAN_POSITIVE_20JAN2022
CLD_PLATF_20A0X_WON_LEAD_COMP_SUM_C_FLG,ACS_MQLR0.MQL_MODELING_CLEAN_POSITIVE_20JAN2022
CMPLX_ENG_20B1C_LEAD_COMP_SUM_C_FLG,ACS_MQLR0.MQL_MODELING_CLEAN_POSITIVE_20JAN2022
CMPLX_ENG_20B1C_WON_LEAD_COMP_SUM_C_FLG,ACS_MQLR0.MQL_MODELING_CLEAN_POSITIVE_20JAN2022
COG_INFRST_PRV_CLD_20CCM_LEAD_COMP_SUM_C_FLG,ACS_MQLR0.MQL_MODELING_CLEAN_POSITIVE_20JAN2022
COG_INFRST_PRV_CLD_20CCM_WON_LEAD_COMP_SUM_C_FLG,ACS_MQLR0.MQL_MODELING_CLEAN_POSITIVE_20JAN2022
COG_SYS_15PHW_WON_LEAD_COMP_SUM_C_FLG,ACS_MQLR0.MQL_MODELING_CLEAN_POSITIVE_20JAN2022
COGNOS_20A0O_LEAD_COMP_SUM_C_FLG,ACS_MQLR0.MQL_MODELING_CLEAN_POSITIVE_20JAN2022
COGNOS_20A0O_WON_LEAD_COMP_SUM_C_FLG,ACS_MQLR0.MQL_MODELING_CLEAN_POSITIVE_20JAN2022
COLLAB_15CLS_LEAD_COMP_SUM_C_FLG,ACS_MQLR0.MQL_MODELING_CLEAN_POSITIVE_20JAN2022
COMP_TECH_20C02_LEAD_COMP_SUM_C_FLG,ACS_MQLR0.MQL_MODELING_CLEAN_POSITIVE_20JAN2022
COMP_TECH_20C02_WON_LEAD_COMP_SUM_C_FLG,ACS_MQLR0.MQL_MODELING_CLEAN_POSITIVE_20JAN2022
CUST_CARE_20AJ5_WON_LEAD_COMP_SUM_C_FLG,ACS_MQLR0.MQL_MODELING_CLEAN_POSITIVE_20JAN2022
DAS_20B1J_LEAD_COMP_SUM_C_FLG,ACS_MQLR0.MQL_MODELING_CLEAN_POSITIVE_20JAN2022
DAS_20B1J_WON_LEAD_COMP_SUM_C_FLG,ACS_MQLR0.MQL_MODELING_CLEAN_POSITIVE_20JAN2022
DAS_20NJ9_LEAD_COMP_SUM_C_FLG,ACS_MQLR0.MQL_MODELING_CLEAN_POSITIVE_20JAN2022
DAS_20NJ9_WON_LEAD_COMP_SUM_C_FLG,ACS_MQLR0.MQL_MODELING_CLEAN_POSITIVE_20JAN2022
DATA_AI_PLTF_20A11_LEAD_COMP_SUM_C_FLG,ACS_MQLR0.MQL_MODELING_CLEAN_POSITIVE_20JAN2022
DATA_AI_PLTF_20A11_WON_LEAD_COMP_SUM_C_FLG,ACS_MQLR0.MQL_MODELING_CLEAN_POSITIVE_20JAN2022
DATA_SCI_20A0K_LEAD_COMP_SUM_C_FLG,ACS_MQLR0.MQL_MODELING_CLEAN_POSITIVE_20JAN2022
DATA_SCI_20A0K_WON_LEAD_COMP_SUM_C_FLG,ACS_MQLR0.MQL_MODELING_CLEAN_POSITIVE_20JAN2022
DATA_SEC_20B15_LEAD_COMP_SUM_C_FLG,ACS_MQLR0.MQL_MODELING_CLEAN_POSITIVE_20JAN2022
DATA_SEC_20B15_WON_LEAD_COMP_SUM_C_FLG,ACS_MQLR0.MQL_MODELING_CLEAN_POSITIVE_20JAN2022
DATABASE_20A0M_WON_LEAD_COMP_SUM_C_FLG,ACS_MQLR0.MQL_MODELING_CLEAN_POSITIVE_20JAN2022
DATAOPS_20A0N_WON_LEAD_COMP_SUM_C_FLG,ACS_MQLR0.MQL_MODELING_CLEAN_POSITIVE_20JAN2022
DB_ZOS_20AYJ_LEAD_COMP_SUM_C_FLG,ACS_MQLR0.MQL_MODELING_CLEAN_POSITIVE_20JAN2022
DB_ZOS_20AYJ_WON_LEAD_COMP_SUM_C_FLG,ACS_MQLR0.MQL_MODELING_CLEAN_POSITIVE_20JAN2022
DEV_SVC_20D0F_LEAD_COMP_SUM_C_FLG,ACS_MQLR0.MQL_MODELING_CLEAN_POSITIVE_20JAN2022
DEV_SVC_20D0F_WON_LEAD_COMP_SUM_C_FLG,ACS_MQLR0.MQL_MODELING_CLEAN_POSITIVE_20JAN2022
ENTR_APP_MGMT_CLD_20JEK_LEAD_COMP_SUM_C_FLG,ACS_MQLR0.MQL_MODELING_CLEAN_POSITIVE_20JAN2022
ENTR_APP_MGMT_CLD_20JEK_WON_LEAD_COMP_SUM_C_FLG,ACS_MQLR0.MQL_MODELING_CLEAN_POSITIVE_20JAN2022
ENTR_APP_MGMT_ON_PRM_20J3H_WON_LEAD_COMP_SUM_C_FLG,ACS_MQLR0.MQL_MODELING_CLEAN_POSITIVE_20JAN2022
ENTR_APP_SAP_20JII_LEAD_COMP_SUM_C_FLG,ACS_MQLR0.MQL_MODELING_CLEAN_POSITIVE_20JAN2022
ENTR_APP_SAP_20JII_WON_LEAD_COMP_SUM_C_FLG,ACS_MQLR0.MQL_MODELING_CLEAN_POSITIVE_20JAN2022
ENTR_CLD_STRAT_20JHE_LEAD_COMP_SUM_C_FLG,ACS_MQLR0.MQL_MODELING_CLEAN_POSITIVE_20JAN2022
ENTR_CLD_STRAT_20JHE_WON_LEAD_COMP_SUM_C_FLG,ACS_MQLR0.MQL_MODELING_CLEAN_POSITIVE_20JAN2022
ENTR_LINUX_20C0G_LEAD_COMP_SUM_C_FLG,ACS_MQLR0.MQL_MODELING_CLEAN_POSITIVE_20JAN2022
ENTR_STRAT_20J09_LEAD_COMP_SUM_C_FLG,ACS_MQLR0.MQL_MODELING_CLEAN_POSITIVE_20JAN2022
ENTR_STRAT_20J09_WON_LEAD_COMP_SUM_C_FLG,ACS_MQLR0.MQL_MODELING_CLEAN_POSITIVE_20JAN2022
GARS_20H03_LEAD_COMP_SUM_C_FLG,ACS_MQLR0.MQL_MODELING_CLEAN_POSITIVE_20JAN2022
GARS_20H03_WON_LEAD_COMP_SUM_C_FLG,ACS_MQLR0.MQL_MODELING_CLEAN_POSITIVE_20JAN2022
HYB_CLD_SEC_20J2O_LEAD_COMP_SUM_C_FLG,ACS_MQLR0.MQL_MODELING_CLEAN_POSITIVE_20JAN2022
HYB_CLD_SEC_20J2O_WON_LEAD_COMP_SUM_C_FLG,ACS_MQLR0.MQL_MODELING_CLEAN_POSITIVE_20JAN2022
IAM_20B1L_LEAD_COMP_SUM_C_FLG,ACS_MQLR0.MQL_MODELING_CLEAN_POSITIVE_20JAN2022
IAM_20B1L_WON_LEAD_COMP_SUM_C_FLG,ACS_MQLR0.MQL_MODELING_CLEAN_POSITIVE_20JAN2022
IAM_20NJP_LEAD_COMP_SUM_C_FLG,ACS_MQLR0.MQL_MODELING_CLEAN_POSITIVE_20JAN2022
IAM_20NJP_WON_LEAD_COMP_SUM_C_FLG,ACS_MQLR0.MQL_MODELING_CLEAN_POSITIVE_20JAN2022
IBMI_20CLD_LEAD_COMP_SUM_C_FLG,ACS_MQLR0.MQL_MODELING_CLEAN_POSITIVE_20JAN2022
ID_MGMT_20B14_LEAD_COMP_SUM_C_FLG,ACS_MQLR0.MQL_MODELING_CLEAN_POSITIVE_20JAN2022
ID_MGMT_20B14_WON_LEAD_COMP_SUM_C_FLG,ACS_MQLR0.MQL_MODELING_CLEAN_POSITIVE_20JAN2022
MAINFRM_HW_15MHW_WON_LEAD_COMP_SUM_C_FLG,ACS_MQLR0.MQL_MODELING_CLEAN_POSITIVE_20JAN2022
MISC_10M00_LEAD_COMP_SUM_C_FLG,ACS_MQLR0.MQL_MODELING_CLEAN_POSITIVE_20JAN2022
MISC_10M00_WON_LEAD_COMP_SUM_C_FLG,ACS_MQLR0.MQL_MODELING_CLEAN_POSITIVE_20JAN2022
MOBILE_SEC_20B12_LEAD_COMP_SUM_C_FLG,ACS_MQLR0.MQL_MODELING_CLEAN_POSITIVE_20JAN2022
MOBILE_SEC_20B12_WON_LEAD_COMP_SUM_C_FLG,ACS_MQLR0.MQL_MODELING_CLEAN_POSITIVE_20JAN2022
NON_IBM_20F03_LEAD_COMP_SUM_C_FLG,ACS_MQLR0.MQL_MODELING_CLEAN_POSITIVE_20JAN2022
NON_IBM_20F03_WON_LEAD_COMP_SUM_C_FLG,ACS_MQLR0.MQL_MODELING_CLEAN_POSITIVE_20JAN2022
OI_DIGITAL_COVERAGE_SALES_WON_LEAD_COMP_SUM_C_FLG,ACS_MQLR0.MQL_MODELING_CLEAN_POSITIVE_20JAN2022
OI_MARKETING_WON_LEAD_COMP_SUM_C_FLG,ACS_MQLR0.MQL_MODELING_CLEAN_POSITIVE_20JAN2022
ON_PRM_MDRN_20JVJ_WON_LEAD_COMP_SUM_C_FLG,ACS_MQLR0.MQL_MODELING_CLEAN_POSITIVE_20JAN2022
OO_TC_LEAD_COMP_SUM_C_FLG,ACS_MQLR0.MQL_MODELING_CLEAN_POSITIVE_20JAN2022
OO_TC_WON_LEAD_COMP_SUM_C_FLG,ACS_MQLR0.MQL_MODELING_CLEAN_POSITIVE_20JAN2022
OO_TS_WON_LEAD_COMP_SUM_C_FLG,ACS_MQLR0.MQL_MODELING_CLEAN_POSITIVE_20JAN2022
PAAS_PUB_20CHY_LEAD_COMP_SUM_C_FLG,ACS_MQLR0.MQL_MODELING_CLEAN_POSITIVE_20JAN2022
POWERAI_20C0R_LEAD_COMP_SUM_C_FLG,ACS_MQLR0.MQL_MODELING_CLEAN_POSITIVE_20JAN2022
POWERAI_20C0R_WON_LEAD_COMP_SUM_C_FLG,ACS_MQLR0.MQL_MODELING_CLEAN_POSITIVE_20JAN2022
PROMONTORY_15JIA_LEAD_COMP_SUM_C_FLG,ACS_MQLR0.MQL_MODELING_CLEAN_POSITIVE_20JAN2022
PROMONTORY_15JIA_WON_LEAD_COMP_SUM_C_FLG,ACS_MQLR0.MQL_MODELING_CLEAN_POSITIVE_20JAN2022
PUB_CLD_CONS_20A46_LEAD_COMP_SUM_C_FLG,ACS_MQLR0.MQL_MODELING_CLEAN_POSITIVE_20JAN2022
PUB_CLD_CONS_20A46_WON_LEAD_COMP_SUM_C_FLG,ACS_MQLR0.MQL_MODELING_CLEAN_POSITIVE_20JAN2022
PUB_CLD_INF_20D0C_WON_LEAD_COMP_SUM_C_FLG,ACS_MQLR0.MQL_MODELING_CLEAN_POSITIVE_20JAN2022
PUB_CLD_PLT_15CI9_LEAD_COMP_SUM_C_FLG,ACS_MQLR0.MQL_MODELING_CLEAN_POSITIVE_20JAN2022
PUB_CLD_PLT_15CI9_WON_LEAD_COMP_SUM_C_FLG,ACS_MQLR0.MQL_MODELING_CLEAN_POSITIVE_20JAN2022
REDHAT_MKTPL_15S8X_LEAD_COMP_SUM_C_FLG,ACS_MQLR0.MQL_MODELING_CLEAN_POSITIVE_20JAN2022
REGULATORY_20AU4_WON_LEAD_COMP_SUM_C_FLG,ACS_MQLR0.MQL_MODELING_CLEAN_POSITIVE_20JAN2022
SEC_THREAT_MGMT_20NYE_WON_LEAD_COMP_SUM_C_FLG,ACS_MQLR0.MQL_MODELING_CLEAN_POSITIVE_20JAN2022
SEC_THREAT_MGMT_INFRS_20B0Z_LEAD_COMP_SUM_C_FLG,ACS_MQLR0.MQL_MODELING_CLEAN_POSITIVE_20JAN2022
SEC_THREAT_MGMT_INFRS_20B0Z_WON_LEAD_COMP_SUM_C_FLG,ACS_MQLR0.MQL_MODELING_CLEAN_POSITIVE_20JAN2022
SSRC_20B1G_LEAD_COMP_SUM_C_FLG,ACS_MQLR0.MQL_MODELING_CLEAN_POSITIVE_20JAN2022
SSRC_20B1G_WON_LEAD_COMP_SUM_C_FLG,ACS_MQLR0.MQL_MODELING_CLEAN_POSITIVE_20JAN2022
SSRC_20NLG_COMP_YIELD_C_FLG,ACS_MQLR0.MQL_MODELING_CLEAN_POSITIVE_20JAN2022
SSRC_20NLG_LEAD_COMP_SUM_C_FLG,ACS_MQLR0.MQL_MODELING_CLEAN_POSITIVE_20JAN2022
SSRC_20NLG_WON_LEAD_COMP_SUM_C_FLG,ACS_MQLR0.MQL_MODELING_CLEAN_POSITIVE_20JAN2022
STOR_CYBER_RES_20CSN_LEAD_COMP_SUM_C_FLG,ACS_MQLR0.MQL_MODELING_CLEAN_POSITIVE_20JAN2022
STOR_CYBER_RES_20CSN_WON_LEAD_COMP_SUM_C_FLG,ACS_MQLR0.MQL_MODELING_CLEAN_POSITIVE_20JAN2022
STOR_DATA_AI_20COE_LEAD_COMP_SUM_C_FLG,ACS_MQLR0.MQL_MODELING_CLEAN_POSITIVE_20JAN2022
STOR_DATA_AI_20COE_WON_LEAD_COMP_SUM_C_FLG,ACS_MQLR0.MQL_MODELING_CLEAN_POSITIVE_20JAN2022
STOR_HYB_CLD_20COP_WON_LEAD_COMP_SUM_C_FLG,ACS_MQLR0.MQL_MODELING_CLEAN_POSITIVE_20JAN2022
STOR_NETW_20C0F_LEAD_COMP_SUM_C_FLG,ACS_MQLR0.MQL_MODELING_CLEAN_POSITIVE_20JAN2022
STOR_NETW_20C0F_WON_LEAD_COMP_SUM_C_FLG,ACS_MQLR0.MQL_MODELING_CLEAN_POSITIVE_20JAN2022
STOR_OPS_20C0U_LEAD_COMP_SUM_C_FLG,ACS_MQLR0.MQL_MODELING_CLEAN_POSITIVE_20JAN2022
STOR_OPS_20C0U_WON_LEAD_COMP_SUM_C_FLG,ACS_MQLR0.MQL_MODELING_CLEAN_POSITIVE_20JAN2022
STOR_ZSYS_20C9O_WON_LEAD_COMP_SUM_C_FLG,ACS_MQLR0.MQL_MODELING_CLEAN_POSITIVE_20JAN2022
STREAM_20D0A_LEAD_COMP_SUM_C_FLG,ACS_MQLR0.MQL_MODELING_CLEAN_POSITIVE_20JAN2022
SUPPLY_CHAIN_20B2O_LEAD_COMP_SUM_C_FLG,ACS_MQLR0.MQL_MODELING_CLEAN_POSITIVE_20JAN2022
SUPPLY_CHAIN_20B2O_WON_LEAD_COMP_SUM_C_FLG,ACS_MQLR0.MQL_MODELING_CLEAN_POSITIVE_20JAN2022
SW_NETWORK_20AOF_LEAD_COMP_SUM_C_FLG,ACS_MQLR0.MQL_MODELING_CLEAN_POSITIVE_20JAN2022
TALENT_MGMT_15TMS_LEAD_COMP_SUM_C_FLG,ACS_MQLR0.MQL_MODELING_CLEAN_POSITIVE_20JAN2022
TALENT_MGMT_15TMS_WON_LEAD_COMP_SUM_C_FLG,ACS_MQLR0.MQL_MODELING_CLEAN_POSITIVE_20JAN2022
THREAT_MGMT_SVC_20B1I_LEAD_COMP_SUM_C_FLG,ACS_MQLR0.MQL_MODELING_CLEAN_POSITIVE_20JAN2022
THREAT_MGMT_SVC_20B1I_WON_LEAD_COMP_SUM_C_FLG,ACS_MQLR0.MQL_MODELING_CLEAN_POSITIVE_20JAN2022
TLNT_ACQ_20B0T_LEAD_COMP_SUM_C_FLG,ACS_MQLR0.MQL_MODELING_CLEAN_POSITIVE_20JAN2022
TLNT_ACQ_20B0T_WON_LEAD_COMP_SUM_C_FLG,ACS_MQLR0.MQL_MODELING_CLEAN_POSITIVE_20JAN2022
TLNT_ASSESSMENT_20B1Q_LEAD_COMP_SUM_C_FLG,ACS_MQLR0.MQL_MODELING_CLEAN_POSITIVE_20JAN2022
TLNT_DEV_20B0U_LEAD_COMP_SUM_C_FLG,ACS_MQLR0.MQL_MODELING_CLEAN_POSITIVE_20JAN2022
TMS_20N1I_LEAD_COMP_SUM_C_FLG,ACS_MQLR0.MQL_MODELING_CLEAN_POSITIVE_20JAN2022
TMS_20N1I_WON_LEAD_COMP_SUM_C_FLG,ACS_MQLR0.MQL_MODELING_CLEAN_POSITIVE_20JAN2022
TRAD_DIST_STOR_20C0M_LEAD_COMP_SUM_C_FLG,ACS_MQLR0.MQL_MODELING_CLEAN_POSITIVE_20JAN2022
TRAD_DIST_STOR_20C0M_WON_LEAD_COMP_SUM_C_FLG,ACS_MQLR0.MQL_MODELING_CLEAN_POSITIVE_20JAN2022
VMWARE_20D0D_LEAD_COMP_SUM_C_FLG,ACS_MQLR0.MQL_MODELING_CLEAN_POSITIVE_20JAN2022
VMWARE_20D0D_WON_LEAD_COMP_SUM_C_FLG,ACS_MQLR0.MQL_MODELING_CLEAN_POSITIVE_20JAN2022
W_MEDIA_20D0M_LEAD_LEAD_COMP_SUM_C_FLG,ACS_MQLR0.MQL_MODELING_CLEAN_POSITIVE_20JAN2022
WAT_LIFE_SCIENCE_20B1R_LEAD_COMP_SUM_C_FLG,ACS_MQLR0.MQL_MODELING_CLEAN_POSITIVE_20JAN2022
WAT_MRKT_15WCG_LEAD_COMP_SUM_C_FLG,ACS_MQLR0.MQL_MODELING_CLEAN_POSITIVE_20JAN2022
WAT_MRKT_15WCG_WON_LEAD_COMP_SUM_C_FLG,ACS_MQLR0.MQL_MODELING_CLEAN_POSITIVE_20JAN2022
WAT_PAYER_20B1S_LEAD_COMP_SUM_C_FLG,ACS_MQLR0.MQL_MODELING_CLEAN_POSITIVE_20JAN2022
WAT_PROVIDER_20B1T_LEAD_COMP_SUM_C_FLG,ACS_MQLR0.MQL_MODELING_CLEAN_POSITIVE_20JAN2022
WATSONHEALTH_15WTH_LEAD_COMP_SUM_C_FLG,ACS_MQLR0.MQL_MODELING_CLEAN_POSITIVE_20JAN2022
WATSONHEALTH_15WTH_WON_LEAD_COMP_SUM_C_FLG,ACS_MQLR0.MQL_MODELING_CLEAN_POSITIVE_20JAN2022
XFORCE_20B1K_LEAD_COMP_SUM_C_FLG,ACS_MQLR0.MQL_MODELING_CLEAN_POSITIVE_20JAN2022
XFORCE_20B1K_WON_LEAD_COMP_SUM_C_FLG,ACS_MQLR0.MQL_MODELING_CLEAN_POSITIVE_20JAN2022
XFORCE_20N47_LEAD_COMP_SUM_C_FLG,ACS_MQLR0.MQL_MODELING_CLEAN_POSITIVE_20JAN2022
XFORCE_20N47_WON_LEAD_COMP_SUM_C_FLG,ACS_MQLR0.MQL_MODELING_CLEAN_POSITIVE_20JAN2022
XFORCE_RED_OFF_20B1E_LEAD_COMP_SUM_C_FLG,ACS_MQLR0.MQL_MODELING_CLEAN_POSITIVE_20JAN2022
XFORCE_RED_OFF_20B1E_WON_LEAD_COMP_SUM_C_FLG,ACS_MQLR0.MQL_MODELING_CLEAN_POSITIVE_20JAN2022
XFR_20NFL_LEAD_COMP_SUM_C_FLG,ACS_MQLR0.MQL_MODELING_CLEAN_POSITIVE_20JAN2022
XFR_20NFL_WON_LEAD_COMP_SUM_C_FLG,ACS_MQLR0.MQL_MODELING_CLEAN_POSITIVE_20JAN2022
Z_DEV_OPS_20C01_LEAD_COMP_SUM_C_FLG,ACS_MQLR0.MQL_MODELING_CLEAN_POSITIVE_20JAN2022
Z_DEV_OPS_20C01_WON_LEAD_COMP_SUM_C_FLG,ACS_MQLR0.MQL_MODELING_CLEAN_POSITIVE_20JAN2022
Z_IT_MGMT_20C05_LEAD_COMP_SUM_C_FLG,ACS_MQLR0.MQL_MODELING_CLEAN_POSITIVE_20JAN2022
Z_IT_MGMT_20C05_WON_LEAD_COMP_SUM_C_FLG,ACS_MQLR0.MQL_MODELING_CLEAN_POSITIVE_20JAN2022
Z_LINUX_M_20C08_LEAD_COMP_SUM_C_FLG,ACS_MQLR0.MQL_MODELING_CLEAN_POSITIVE_20JAN2022
Z_LINUX_M_20C08_WON_LEAD_COMP_SUM_C_FLG,ACS_MQLR0.MQL_MODELING_CLEAN_POSITIVE_20JAN2022
Z_OPS_PERF_20C06_LEAD_COMP_SUM_C_FLG,ACS_MQLR0.MQL_MODELING_CLEAN_POSITIVE_20JAN2022
Z_OPS_PERF_20C06_WON_LEAD_COMP_SUM_C_FLG,ACS_MQLR0.MQL_MODELING_CLEAN_POSITIVE_20JAN2022
Z_OS_20C09_LEAD_COMP_SUM_C_FLG,ACS_MQLR0.MQL_MODELING_CLEAN_POSITIVE_20JAN2022
Z_OS_20C09_WON_LEAD_COMP_SUM_C_FLG,ACS_MQLR0.MQL_MODELING_CLEAN_POSITIVE_20JAN2022
Z_OS_20C0S_LEAD_COMP_SUM_C_FLG,ACS_MQLR0.MQL_MODELING_CLEAN_POSITIVE_20JAN2022
Z_SEC_20CZJ_LEAD_COMP_SUM_C_FLG,ACS_MQLR0.MQL_MODELING_CLEAN_POSITIVE_20JAN2022
Z_TRANS_INTGR_20C03_LEAD_COMP_SUM_C_FLG,ACS_MQLR0.MQL_MODELING_CLEAN_POSITIVE_20JAN2022
Z_TRANS_INTGR_20C03_WON_LEAD_COMP_SUM_C_FLG,ACS_MQLR0.MQL_MODELING_CLEAN_POSITIVE_20JAN2022
Z_TRANS_SYS_20C04_LEAD_COMP_SUM_C_FLG,ACS_MQLR0.MQL_MODELING_CLEAN_POSITIVE_20JAN2022
Z_TRANS_SYS_20C04_WON_LEAD_COMP_SUM_C_FLG,ACS_MQLR0.MQL_MODELING_CLEAN_POSITIVE_20JAN2022
ZTPS_OPS_20C0T_LEAD_COMP_SUM_C_FLG,ACS_MQLR0.MQL_MODELING_CLEAN_POSITIVE_20JAN2022
ZTPS_OPS_20C0T_WON_LEAD_COMP_SUM_C_FLG,ACS_MQLR0.MQL_MODELING_CLEAN_POSITIVE_20JAN2022
ADV_FRAUD_PRTCT_20B13_WON_DTL_REVN_COMP_SUM_C,ACS_MQLR0.MQL_MODELING_CLEAN_POSITIVE_20JAN2022
AI_APP_15ITT_LEAD_COMP_SUM_C,ACS_MQLR0.MQL_MODELING_CLEAN_POSITIVE_20JAN2022
AI_APP_15ITT_WON_DTL_REVN_COMP_SUM_C,ACS_MQLR0.MQL_MODELING_CLEAN_POSITIVE_20JAN2022
ALL_LEAD_COMP_SUM_C,ACS_MQLR0.MQL_MODELING_CLEAN_POSITIVE_20JAN2022
ALL_OTHER_UT10_LEAD_COMP_SUM_C,ACS_MQLR0.MQL_MODELING_CLEAN_POSITIVE_20JAN2022
ALL_OTHER_UT10_WON_DTL_REVN_COMP_SUM_C,ACS_MQLR0.MQL_MODELING_CLEAN_POSITIVE_20JAN2022
ALL_WON_DTL_REVN_COMP_SUM_C,ACS_MQLR0.MQL_MODELING_CLEAN_POSITIVE_20JAN2022
APP_MGMT_ON_PRM_20JDQ_LEAD_COMP_SUM_C,ACS_MQLR0.MQL_MODELING_CLEAN_POSITIVE_20JAN2022
ASSET_MGMT_20B1A_WON_DTL_REVN_COMP_SUM_C,ACS_MQLR0.MQL_MODELING_CLEAN_POSITIVE_20JAN2022
B2B_COLLAB_20B2P_WON_DTL_REVN_COMP_SUM_C,ACS_MQLR0.MQL_MODELING_CLEAN_POSITIVE_20JAN2022
BUS_AUTO_20A0Y_LEAD_COMP_SUM_C,ACS_MQLR0.MQL_MODELING_CLEAN_POSITIVE_20JAN2022
BUS_AUTO_20A0Y_WON_DTL_REVN_COMP_SUM_C,ACS_MQLR0.MQL_MODELING_CLEAN_POSITIVE_20JAN2022
BUS_TRANS_15CPT_LEAD_COMP_SUM_C,ACS_MQLR0.MQL_MODELING_CLEAN_POSITIVE_20JAN2022
CIS_20B1F_WON_DTL_REVN_COMP_SUM_C,ACS_MQLR0.MQL_MODELING_CLEAN_POSITIVE_20JAN2022
CIS_20N2F_WON_DTL_REVN_COMP_SUM_C,ACS_MQLR0.MQL_MODELING_CLEAN_POSITIVE_20JAN2022
CLD_APP_DEV_20J2W_LEAD_COMP_SUM_C,ACS_MQLR0.MQL_MODELING_CLEAN_POSITIVE_20JAN2022
CLD_APP_DEV_20J2W_WON_DTL_REVN_COMP_SUM_C,ACS_MQLR0.MQL_MODELING_CLEAN_POSITIVE_20JAN2022
CLD_APP_MGMT_20J01_WON_DTL_REVN_COMP_SUM_C,ACS_MQLR0.MQL_MODELING_CLEAN_POSITIVE_20JAN2022
CLD_MDRN_20JMW_LEAD_COMP_SUM_C,ACS_MQLR0.MQL_MODELING_CLEAN_POSITIVE_20JAN2022
CLD_MDRN_20JMW_WON_DTL_REVN_COMP_SUM_C,ACS_MQLR0.MQL_MODELING_CLEAN_POSITIVE_20JAN2022
CLD_MGMT_20APO_LEAD_COMP_SUM_C,ACS_MQLR0.MQL_MODELING_CLEAN_POSITIVE_20JAN2022
CLD_MGMT_20APO_WON_DTL_REVN_COMP_SUM_C,ACS_MQLR0.MQL_MODELING_CLEAN_POSITIVE_20JAN2022
CLD_PLATF_20A0X_LEAD_COMP_SUM_C,ACS_MQLR0.MQL_MODELING_CLEAN_POSITIVE_20JAN2022
CLD_PLATF_20A0X_WON_DTL_REVN_COMP_SUM_C,ACS_MQLR0.MQL_MODELING_CLEAN_POSITIVE_20JAN2022
CMPLX_ENG_20B1C_WON_DTL_REVN_COMP_SUM_C,ACS_MQLR0.MQL_MODELING_CLEAN_POSITIVE_20JAN2022
COG_INFRST_PRV_CLD_20CCM_WON_DTL_REVN_COMP_SUM_C,ACS_MQLR0.MQL_MODELING_CLEAN_POSITIVE_20JAN2022
COG_PROC_SVC_BPO_20J07_LEAD_COMP_SUM_C,ACS_MQLR0.MQL_MODELING_CLEAN_POSITIVE_20JAN2022
COG_PROC_SVC_BPO_20J07_WON_DTL_REVN_COMP_SUM_C,ACS_MQLR0.MQL_MODELING_CLEAN_POSITIVE_20JAN2022
COG_SYS_15PHW_LEAD_COMP_SUM_C,ACS_MQLR0.MQL_MODELING_CLEAN_POSITIVE_20JAN2022
COG_SYS_15PHW_WON_DTL_REVN_COMP_SUM_C,ACS_MQLR0.MQL_MODELING_CLEAN_POSITIVE_20JAN2022
COGNOS_20A0O_WON_DTL_REVN_COMP_SUM_C,ACS_MQLR0.MQL_MODELING_CLEAN_POSITIVE_20JAN2022
COMP_TECH_20C02_WON_DTL_REVN_COMP_SUM_C,ACS_MQLR0.MQL_MODELING_CLEAN_POSITIVE_20JAN2022
CONSULTING_10J00_LEAD_COMP_SUM_C,ACS_MQLR0.MQL_MODELING_CLEAN_POSITIVE_20JAN2022
CONSULTING_10J00_WON_DTL_REVN_COMP_SUM_C,ACS_MQLR0.MQL_MODELING_CLEAN_POSITIVE_20JAN2022
CONSULTING_10J00_WON_LEAD_COMP_SUM_C,ACS_MQLR0.MQL_MODELING_CLEAN_POSITIVE_20JAN2022
CUST_CARE_20AJ5_LEAD_COMP_SUM_C,ACS_MQLR0.MQL_MODELING_CLEAN_POSITIVE_20JAN2022
CUST_CARE_20AJ5_WON_DTL_REVN_COMP_SUM_C,ACS_MQLR0.MQL_MODELING_CLEAN_POSITIVE_20JAN2022
CUST_TRNS_20J10_LEAD_COMP_SUM_C,ACS_MQLR0.MQL_MODELING_CLEAN_POSITIVE_20JAN2022
CUST_TRNS_20J10_WON_DTL_REVN_COMP_SUM_C,ACS_MQLR0.MQL_MODELING_CLEAN_POSITIVE_20JAN2022
DAS_20B1J_WON_DTL_REVN_COMP_SUM_C,ACS_MQLR0.MQL_MODELING_CLEAN_POSITIVE_20JAN2022
DAS_20NJ9_WON_DTL_REVN_COMP_SUM_C,ACS_MQLR0.MQL_MODELING_CLEAN_POSITIVE_20JAN2022
DATA_AI_15ANP_LEAD_COMP_SUM_C,ACS_MQLR0.MQL_MODELING_CLEAN_POSITIVE_20JAN2022
DATA_AI_15ANP_WON_DTL_REVN_COMP_SUM_C,ACS_MQLR0.MQL_MODELING_CLEAN_POSITIVE_20JAN2022
DATA_AI_15ANP_WON_LEAD_COMP_SUM_C,ACS_MQLR0.MQL_MODELING_CLEAN_POSITIVE_20JAN2022
DATA_AI_PLTF_20A11_WON_DTL_REVN_COMP_SUM_C,ACS_MQLR0.MQL_MODELING_CLEAN_POSITIVE_20JAN2022
DATA_SCI_20A0K_WON_DTL_REVN_COMP_SUM_C,ACS_MQLR0.MQL_MODELING_CLEAN_POSITIVE_20JAN2022
DATA_SEC_20B15_WON_DTL_REVN_COMP_SUM_C,ACS_MQLR0.MQL_MODELING_CLEAN_POSITIVE_20JAN2022
DATA_TECH_TRNS_20J05_LEAD_COMP_SUM_C,ACS_MQLR0.MQL_MODELING_CLEAN_POSITIVE_20JAN2022
DATA_TECH_TRNS_20J05_WON_DTL_REVN_COMP_SUM_C,ACS_MQLR0.MQL_MODELING_CLEAN_POSITIVE_20JAN2022
DATABASE_20A0M_LEAD_COMP_SUM_C,ACS_MQLR0.MQL_MODELING_CLEAN_POSITIVE_20JAN2022
DATABASE_20A0M_WON_DTL_REVN_COMP_SUM_C,ACS_MQLR0.MQL_MODELING_CLEAN_POSITIVE_20JAN2022
DATAOPS_20A0N_LEAD_COMP_SUM_C,ACS_MQLR0.MQL_MODELING_CLEAN_POSITIVE_20JAN2022
DATAOPS_20A0N_WON_DTL_REVN_COMP_SUM_C,ACS_MQLR0.MQL_MODELING_CLEAN_POSITIVE_20JAN2022
DB_ZOS_20AYJ_WON_DTL_REVN_COMP_SUM_C,ACS_MQLR0.MQL_MODELING_CLEAN_POSITIVE_20JAN2022
DEV_SVC_20D0F_WON_DTL_REVN_COMP_SUM_C,ACS_MQLR0.MQL_MODELING_CLEAN_POSITIVE_20JAN2022
ENTR_APP_20J03_LEAD_COMP_SUM_C,ACS_MQLR0.MQL_MODELING_CLEAN_POSITIVE_20JAN2022
ENTR_APP_20J03_WON_DTL_REVN_COMP_SUM_C,ACS_MQLR0.MQL_MODELING_CLEAN_POSITIVE_20JAN2022
ENTR_APP_MGMT_CLD_20JEK_WON_DTL_REVN_COMP_SUM_C,ACS_MQLR0.MQL_MODELING_CLEAN_POSITIVE_20JAN2022
ENTR_APP_MGMT_ON_PRM_20J3H_LEAD_COMP_SUM_C,ACS_MQLR0.MQL_MODELING_CLEAN_POSITIVE_20JAN2022
ENTR_APP_MGMT_ON_PRM_20J3H_WON_DTL_REVN_COMP_SUM_C,ACS_MQLR0.MQL_MODELING_CLEAN_POSITIVE_20JAN2022
ENTR_APP_SAP_20JII_WON_DTL_REVN_COMP_SUM_C,ACS_MQLR0.MQL_MODELING_CLEAN_POSITIVE_20JAN2022
ENTR_CLD_STRAT_20JHE_WON_DTL_REVN_COMP_SUM_C,ACS_MQLR0.MQL_MODELING_CLEAN_POSITIVE_20JAN2022
ENTR_STRAT_20J09_WON_DTL_REVN_COMP_SUM_C,ACS_MQLR0.MQL_MODELING_CLEAN_POSITIVE_20JAN2022
FIN_GRP_10H00_LEAD_COMP_SUM_C,ACS_MQLR0.MQL_MODELING_CLEAN_POSITIVE_20JAN2022
FIN_GRP_10H00_WON_DTL_REVN_COMP_SUM_C,ACS_MQLR0.MQL_MODELING_CLEAN_POSITIVE_20JAN2022
FIN_GRP_10H00_WON_LEAD_COMP_SUM_C,ACS_MQLR0.MQL_MODELING_CLEAN_POSITIVE_20JAN2022
FIN_GRP_15RR4_LEAD_COMP_SUM_C,ACS_MQLR0.MQL_MODELING_CLEAN_POSITIVE_20JAN2022
FIN_GRP_15RR4_WON_DTL_REVN_COMP_SUM_C,ACS_MQLR0.MQL_MODELING_CLEAN_POSITIVE_20JAN2022
FIN_GRP_15RR4_WON_LEAD_COMP_SUM_C,ACS_MQLR0.MQL_MODELING_CLEAN_POSITIVE_20JAN2022
FIN_SUPPLY_CHAIN_TRNS_20J06_LEAD_COMP_SUM_C,ACS_MQLR0.MQL_MODELING_CLEAN_POSITIVE_20JAN2022
FIN_SUPPLY_CHAIN_TRNS_20J06_WON_DTL_REVN_COMP_SUM_C,ACS_MQLR0.MQL_MODELING_CLEAN_POSITIVE_20JAN2022
GARS_20H03_WON_DTL_REVN_COMP_SUM_C,ACS_MQLR0.MQL_MODELING_CLEAN_POSITIVE_20JAN2022
HYB_CLD_SEC_20J2O_WON_DTL_REVN_COMP_SUM_C,ACS_MQLR0.MQL_MODELING_CLEAN_POSITIVE_20JAN2022
HYBRID_CLOUD_15CAI_WON_DTL_REVN_COMP_SUM_C,ACS_MQLR0.MQL_MODELING_CLEAN_POSITIVE_20JAN2022
IAM_20B1L_WON_DTL_REVN_COMP_SUM_C,ACS_MQLR0.MQL_MODELING_CLEAN_POSITIVE_20JAN2022
IAM_20NJP_WON_DTL_REVN_COMP_SUM_C,ACS_MQLR0.MQL_MODELING_CLEAN_POSITIVE_20JAN2022
IBM_AUTO_15IGO_LEAD_COMP_SUM_C,ACS_MQLR0.MQL_MODELING_CLEAN_POSITIVE_20JAN2022
IBM_AUTO_15IGO_WON_DTL_REVN_COMP_SUM_C,ACS_MQLR0.MQL_MODELING_CLEAN_POSITIVE_20JAN2022
IBM_AUTO_15IGO_WON_LEAD_COMP_SUM_C,ACS_MQLR0.MQL_MODELING_CLEAN_POSITIVE_20JAN2022
ID_MGMT_20B14_WON_DTL_REVN_COMP_SUM_C,ACS_MQLR0.MQL_MODELING_CLEAN_POSITIVE_20JAN2022
INFRASTRUCTURE_10C00_LEAD_COMP_SUM_C,ACS_MQLR0.MQL_MODELING_CLEAN_POSITIVE_20JAN2022
INFRASTRUCTURE_10C00_WON_DTL_REVN_COMP_SUM_C,ACS_MQLR0.MQL_MODELING_CLEAN_POSITIVE_20JAN2022
INTEGRATION_20A0W_WON_DTL_REVN_COMP_SUM_C,ACS_MQLR0.MQL_MODELING_CLEAN_POSITIVE_20JAN2022
LDR_LEAD_COMP_SUM_C,ACS_MQLR0.MQL_MODELING_CLEAN_POSITIVE_20JAN2022
LDR_WON_DTL_REVN_COMP_SUM_C,ACS_MQLR0.MQL_MODELING_CLEAN_POSITIVE_20JAN2022
LDR_WON_LEAD_COMP_SUM_C,ACS_MQLR0.MQL_MODELING_CLEAN_POSITIVE_20JAN2022
MAINFRM_HW_15MHW_LEAD_COMP_SUM_C,ACS_MQLR0.MQL_MODELING_CLEAN_POSITIVE_20JAN2022
MAINFRM_SW_15MFT_LEAD_COMP_SUM_C,ACS_MQLR0.MQL_MODELING_CLEAN_POSITIVE_20JAN2022
MAINFRM_SW_15MFT_WON_DTL_REVN_COMP_SUM_C,ACS_MQLR0.MQL_MODELING_CLEAN_POSITIVE_20JAN2022
MISC_10M00_WON_DTL_REVN_COMP_SUM_C,ACS_MQLR0.MQL_MODELING_CLEAN_POSITIVE_20JAN2022
MOBILE_SEC_20B12_WON_DTL_REVN_COMP_SUM_C,ACS_MQLR0.MQL_MODELING_CLEAN_POSITIVE_20JAN2022
NON_IBM_20F03_WON_DTL_REVN_COMP_SUM_C,ACS_MQLR0.MQL_MODELING_CLEAN_POSITIVE_20JAN2022
OI_BP_LEAD_COMP_SUM_C,ACS_MQLR0.MQL_MODELING_CLEAN_POSITIVE_20JAN2022
OI_BP_WON_DTL_REVN_COMP_SUM_C,ACS_MQLR0.MQL_MODELING_CLEAN_POSITIVE_20JAN2022
OI_CLIENT_REP_LEAD_COMP_SUM_C,ACS_MQLR0.MQL_MODELING_CLEAN_POSITIVE_20JAN2022
OI_CLIENT_REP_WON_DTL_REVN_COMP_SUM_C,ACS_MQLR0.MQL_MODELING_CLEAN_POSITIVE_20JAN2022
OI_DIGITAL_BRAND_SALES_LEAD_COMP_SUM_C,ACS_MQLR0.MQL_MODELING_CLEAN_POSITIVE_20JAN2022
OI_DIGITAL_BRAND_SALES_WON_DTL_REVN_COMP_SUM_C,ACS_MQLR0.MQL_MODELING_CLEAN_POSITIVE_20JAN2022
OI_DIGITAL_COVERAGE_SALES_LEAD_COMP_SUM_C,ACS_MQLR0.MQL_MODELING_CLEAN_POSITIVE_20JAN2022
OI_DIGITAL_COVERAGE_SALES_WON_DTL_REVN_COMP_SUM_C,ACS_MQLR0.MQL_MODELING_CLEAN_POSITIVE_20JAN2022
OI_MARKETING_LEAD_COMP_SUM_C,ACS_MQLR0.MQL_MODELING_CLEAN_POSITIVE_20JAN2022
OI_MARKETING_WON_DTL_REVN_COMP_SUM_C,ACS_MQLR0.MQL_MODELING_CLEAN_POSITIVE_20JAN2022
OI_SVCS_DELIVERY_LEAD_COMP_SUM_C,ACS_MQLR0.MQL_MODELING_CLEAN_POSITIVE_20JAN2022
OI_SVCS_DELIVERY_WON_DTL_REVN_COMP_SUM_C,ACS_MQLR0.MQL_MODELING_CLEAN_POSITIVE_20JAN2022
OI_TECH_SALES_LEAD_COMP_SUM_C,ACS_MQLR0.MQL_MODELING_CLEAN_POSITIVE_20JAN2022
OI_TECH_SALES_WON_DTL_REVN_COMP_SUM_C,ACS_MQLR0.MQL_MODELING_CLEAN_POSITIVE_20JAN2022
OI_TECH_SALES_WON_LEAD_COMP_SUM_C,ACS_MQLR0.MQL_MODELING_CLEAN_POSITIVE_20JAN2022
OI_TECH_SUPP_LEAD_COMP_SUM_C,ACS_MQLR0.MQL_MODELING_CLEAN_POSITIVE_20JAN2022
OI_TECH_SUPP_WON_DTL_REVN_COMP_SUM_C,ACS_MQLR0.MQL_MODELING_CLEAN_POSITIVE_20JAN2022
ON_PRM_APP_DEV_20J3T_LEAD_COMP_SUM_C,ACS_MQLR0.MQL_MODELING_CLEAN_POSITIVE_20JAN2022
ON_PRM_APP_DEV_20J3T_WON_DTL_REVN_COMP_SUM_C,ACS_MQLR0.MQL_MODELING_CLEAN_POSITIVE_20JAN2022
ON_PRM_MDRN_20JVJ_LEAD_COMP_SUM_C,ACS_MQLR0.MQL_MODELING_CLEAN_POSITIVE_20JAN2022
ON_PRM_MDRN_20JVJ_WON_DTL_REVN_COMP_SUM_C,ACS_MQLR0.MQL_MODELING_CLEAN_POSITIVE_20JAN2022
OO_BP_LEAD_COMP_SUM_C,ACS_MQLR0.MQL_MODELING_CLEAN_POSITIVE_20JAN2022
OO_BP_WON_DTL_REVN_COMP_SUM_C,ACS_MQLR0.MQL_MODELING_CLEAN_POSITIVE_20JAN2022
OO_BP_WON_LEAD_COMP_SUM_C,ACS_MQLR0.MQL_MODELING_CLEAN_POSITIVE_20JAN2022
OO_TC_WON_DTL_REVN_COMP_SUM_C,ACS_MQLR0.MQL_MODELING_CLEAN_POSITIVE_20JAN2022
OO_TS_LEAD_COMP_SUM_C,ACS_MQLR0.MQL_MODELING_CLEAN_POSITIVE_20JAN2022
OO_TS_WON_DTL_REVN_COMP_SUM_C,ACS_MQLR0.MQL_MODELING_CLEAN_POSITIVE_20JAN2022
POWERAI_20C0R_WON_DTL_REVN_COMP_SUM_C,ACS_MQLR0.MQL_MODELING_CLEAN_POSITIVE_20JAN2022
PUB_CLD_CONS_20A46_WON_DTL_REVN_COMP_SUM_C,ACS_MQLR0.MQL_MODELING_CLEAN_POSITIVE_20JAN2022
PUB_CLD_INF_20D0C_LEAD_COMP_SUM_C,ACS_MQLR0.MQL_MODELING_CLEAN_POSITIVE_20JAN2022
PUB_CLD_INF_20D0C_WON_DTL_REVN_COMP_SUM_C,ACS_MQLR0.MQL_MODELING_CLEAN_POSITIVE_20JAN2022
PUB_CLD_PLT_15CI9_WON_DTL_REVN_COMP_SUM_C,ACS_MQLR0.MQL_MODELING_CLEAN_POSITIVE_20JAN2022
PUB_CLOUD_153QH_LEAD_COMP_SUM_C,ACS_MQLR0.MQL_MODELING_CLEAN_POSITIVE_20JAN2022
PUB_CLOUD_153QH_WON_DTL_REVN_COMP_SUM_C,ACS_MQLR0.MQL_MODELING_CLEAN_POSITIVE_20JAN2022
REGULATORY_20AU4_LEAD_COMP_SUM_C,ACS_MQLR0.MQL_MODELING_CLEAN_POSITIVE_20JAN2022
REGULATORY_20AU4_WON_DTL_REVN_COMP_SUM_C,ACS_MQLR0.MQL_MODELING_CLEAN_POSITIVE_20JAN2022
SEC_SVC_15STS_LEAD_COMP_SUM_C,ACS_MQLR0.MQL_MODELING_CLEAN_POSITIVE_20JAN2022
SEC_SVC_15STS_WON_DTL_REVN_COMP_SUM_C,ACS_MQLR0.MQL_MODELING_CLEAN_POSITIVE_20JAN2022
SEC_SW_15SCT_LEAD_COMP_SUM_C,ACS_MQLR0.MQL_MODELING_CLEAN_POSITIVE_20JAN2022
SEC_SW_15SCT_WON_DTL_REVN_COMP_SUM_C,ACS_MQLR0.MQL_MODELING_CLEAN_POSITIVE_20JAN2022
SEC_SW_15SCT_WON_LEAD_COMP_SUM_C,ACS_MQLR0.MQL_MODELING_CLEAN_POSITIVE_20JAN2022
SEC_THREAT_MGMT_20NYE_LEAD_COMP_SUM_C,ACS_MQLR0.MQL_MODELING_CLEAN_POSITIVE_20JAN2022
SEC_THREAT_MGMT_20NYE_WON_DTL_REVN_COMP_SUM_C,ACS_MQLR0.MQL_MODELING_CLEAN_POSITIVE_20JAN2022
SEC_THREAT_MGMT_INFRS_20B0Z_WON_DTL_REVN_COMP_SUM_C,ACS_MQLR0.MQL_MODELING_CLEAN_POSITIVE_20JAN2022
SOFTWARE_10A00_LEAD_COMP_SUM_C,ACS_MQLR0.MQL_MODELING_CLEAN_POSITIVE_20JAN2022
SOFTWARE_10A00_WON_DTL_REVN_COMP_SUM_C,ACS_MQLR0.MQL_MODELING_CLEAN_POSITIVE_20JAN2022
SOFTWARE_10A00_WON_LEAD_COMP_SUM_C,ACS_MQLR0.MQL_MODELING_CLEAN_POSITIVE_20JAN2022
SSRC_20B1G_WON_DTL_REVN_COMP_SUM_C,ACS_MQLR0.MQL_MODELING_CLEAN_POSITIVE_20JAN2022
SSRC_20NLG_WON_DTL_REVN_COMP_SUM_C,ACS_MQLR0.MQL_MODELING_CLEAN_POSITIVE_20JAN2022
STOR_CYBER_RES_20CSN_WON_DTL_REVN_COMP_SUM_C,ACS_MQLR0.MQL_MODELING_CLEAN_POSITIVE_20JAN2022
STOR_DATA_AI_20COE_WON_DTL_REVN_COMP_SUM_C,ACS_MQLR0.MQL_MODELING_CLEAN_POSITIVE_20JAN2022
STOR_HYB_CLD_20COP_LEAD_COMP_SUM_C,ACS_MQLR0.MQL_MODELING_CLEAN_POSITIVE_20JAN2022
STOR_HYB_CLD_20COP_WON_DTL_REVN_COMP_SUM_C,ACS_MQLR0.MQL_MODELING_CLEAN_POSITIVE_20JAN2022
STOR_NETW_20C0F_WON_DTL_REVN_COMP_SUM_C,ACS_MQLR0.MQL_MODELING_CLEAN_POSITIVE_20JAN2022
STOR_OPS_20C0U_WON_DTL_REVN_COMP_SUM_C,ACS_MQLR0.MQL_MODELING_CLEAN_POSITIVE_20JAN2022
STOR_ZSYS_20C9O_LEAD_COMP_SUM_C,ACS_MQLR0.MQL_MODELING_CLEAN_POSITIVE_20JAN2022
STOR_ZSYS_20C9O_WON_DTL_REVN_COMP_SUM_C,ACS_MQLR0.MQL_MODELING_CLEAN_POSITIVE_20JAN2022
STORAGE_15STT_WON_DTL_REVN_COMP_SUM_C,ACS_MQLR0.MQL_MODELING_CLEAN_POSITIVE_20JAN2022
SUPPLY_CHAIN_20B2O_WON_DTL_REVN_COMP_SUM_C,ACS_MQLR0.MQL_MODELING_CLEAN_POSITIVE_20JAN2022
TALENT_MGMT_15TMS_WON_DTL_REVN_COMP_SUM_C,ACS_MQLR0.MQL_MODELING_CLEAN_POSITIVE_20JAN2022
TECH_SUPP_15TSS_LEAD_COMP_SUM_C,ACS_MQLR0.MQL_MODELING_CLEAN_POSITIVE_20JAN2022
TECH_SUPP_15TSS_WON_DTL_REVN_COMP_SUM_C,ACS_MQLR0.MQL_MODELING_CLEAN_POSITIVE_20JAN2022
THREAT_MGMT_SVC_20B1I_WON_DTL_REVN_COMP_SUM_C,ACS_MQLR0.MQL_MODELING_CLEAN_POSITIVE_20JAN2022
TLNT_ACQ_20B0T_WON_DTL_REVN_COMP_SUM_C,ACS_MQLR0.MQL_MODELING_CLEAN_POSITIVE_20JAN2022
TLNT_DEV_20B0U_WON_DTL_REVN_COMP_SUM_C,ACS_MQLR0.MQL_MODELING_CLEAN_POSITIVE_20JAN2022
TMS_20N1I_WON_DTL_REVN_COMP_SUM_C,ACS_MQLR0.MQL_MODELING_CLEAN_POSITIVE_20JAN2022
TRAD_DIST_STOR_20C0M_WON_DTL_REVN_COMP_SUM_C,ACS_MQLR0.MQL_MODELING_CLEAN_POSITIVE_20JAN2022
TSS_MULTI_VEND_20G19_WON_DTL_REVN_COMP_SUM_C,ACS_MQLR0.MQL_MODELING_CLEAN_POSITIVE_20JAN2022
VMWARE_20D0D_WON_DTL_REVN_COMP_SUM_C,ACS_MQLR0.MQL_MODELING_CLEAN_POSITIVE_20JAN2022
WAT_MRKT_15WCG_WON_DTL_REVN_COMP_SUM_C,ACS_MQLR0.MQL_MODELING_CLEAN_POSITIVE_20JAN2022
XFORCE_20B1K_WON_DTL_REVN_COMP_SUM_C,ACS_MQLR0.MQL_MODELING_CLEAN_POSITIVE_20JAN2022
XFORCE_20N47_WON_DTL_REVN_COMP_SUM_C,ACS_MQLR0.MQL_MODELING_CLEAN_POSITIVE_20JAN2022
XFORCE_RED_OFF_20B1E_WON_DTL_REVN_COMP_SUM_C,ACS_MQLR0.MQL_MODELING_CLEAN_POSITIVE_20JAN2022
XFR_20NFL_WON_DTL_REVN_COMP_SUM_C,ACS_MQLR0.MQL_MODELING_CLEAN_POSITIVE_20JAN2022
Z_DEV_OPS_20C01_WON_DTL_REVN_COMP_SUM_C,ACS_MQLR0.MQL_MODELING_CLEAN_POSITIVE_20JAN2022
Z_IT_MGMT_20C05_WON_DTL_REVN_COMP_SUM_C,ACS_MQLR0.MQL_MODELING_CLEAN_POSITIVE_20JAN2022
Z_LINUX_M_20C08_WON_DTL_REVN_COMP_SUM_C,ACS_MQLR0.MQL_MODELING_CLEAN_POSITIVE_20JAN2022
Z_OPS_PERF_20C06_WON_DTL_REVN_COMP_SUM_C,ACS_MQLR0.MQL_MODELING_CLEAN_POSITIVE_20JAN2022
Z_OS_20C09_WON_DTL_REVN_COMP_SUM_C,ACS_MQLR0.MQL_MODELING_CLEAN_POSITIVE_20JAN2022
Z_TRANS_INTGR_20C03_WON_DTL_REVN_COMP_SUM_C,ACS_MQLR0.MQL_MODELING_CLEAN_POSITIVE_20JAN2022
Z_TRANS_SYS_20C04_WON_DTL_REVN_COMP_SUM_C,ACS_MQLR0.MQL_MODELING_CLEAN_POSITIVE_20JAN2022
ZTPS_OPS_20C0T_WON_DTL_REVN_COMP_SUM_C,ACS_MQLR0.MQL_MODELING_CLEAN_POSITIVE_20JAN2022
SOFTWARE_10A00_LEAD_INDIV_SUM_I,ACS_MQLR0.MQL_MODELING_CLEAN_POSITIVE_20JAN2022
INFRASTRUCTURE_10C00_LEAD_INDIV_SUM_I_FLG,ACS_MQLR0.MQL_MODELING_CLEAN_POSITIVE_20JAN2022
CONSULTING_10J00_LEAD_INDIV_SUM_I_FLG,ACS_MQLR0.MQL_MODELING_CLEAN_POSITIVE_20JAN2022
SOFTWARE_10A00_WON_LEAD_INDIV_SUM_I_FLG,ACS_MQLR0.MQL_MODELING_CLEAN_POSITIVE_20JAN2022
INFRASTRUCTURE_10C00_WON_LEAD_INDIV_SUM_I_FLG,ACS_MQLR0.MQL_MODELING_CLEAN_POSITIVE_20JAN2022
CONSULTING_10J00_WON_LEAD_INDIV_SUM_I_FLG,ACS_MQLR0.MQL_MODELING_CLEAN_POSITIVE_20JAN2022
ALL_LEAD_INDIV_SUM_I,ACS_MQLR0.MQL_MODELING_CLEAN_POSITIVE_20JAN2022
ALL_WON_DTL_REVN_INDIV_SUM_I,ACS_MQLR0.MQL_MODELING_CLEAN_POSITIVE_20JAN2022
ALL_INDIV_YIELD_I,ACS_MQLR0.MQL_MODELING_CLEAN_POSITIVE_20JAN2022
OO_BP_LEAD_INDIV_SUM_I_FLG,ACS_MQLR0.MQL_MODELING_CLEAN_POSITIVE_20JAN2022
OO_BP_WON_DTL_REVN_INDIV_SUM_I_FLG,ACS_MQLR0.MQL_MODELING_CLEAN_POSITIVE_20JAN2022
OI_BP_LEAD_INDIV_SUM_I_FLG,ACS_MQLR0.MQL_MODELING_CLEAN_POSITIVE_20JAN2022
OI_BRAND_SALES_LEAD_INDIV_SUM_I,ACS_MQLR0.MQL_MODELING_CLEAN_POSITIVE_20JAN2022
OI_BRAND_SALES_WON_LEAD_INDIV_SUM_I_FLG,ACS_MQLR0.MQL_MODELING_CLEAN_POSITIVE_20JAN2022
OI_CLIENT_REP_LEAD_INDIV_SUM_I_FLG,ACS_MQLR0.MQL_MODELING_CLEAN_POSITIVE_20JAN2022
OI_CLIENT_REP_WON_LEAD_INDIV_SUM_I_FLG,ACS_MQLR0.MQL_MODELING_CLEAN_POSITIVE_20JAN2022
OI_DIGITAL_BRAND_SALES_LEAD_INDIV_SUM_I_FLG,ACS_MQLR0.MQL_MODELING_CLEAN_POSITIVE_20JAN2022
OI_DIGITAL_BRAND_SALES_INDIV_YIELD_I_FLG,ACS_MQLR0.MQL_MODELING_CLEAN_POSITIVE_20JAN2022
OI_SVCS_DELIVERY_LEAD_INDIV_SUM_I_FLG,ACS_MQLR0.MQL_MODELING_CLEAN_POSITIVE_20JAN2022
OI_TECH_SALES_LEAD_INDIV_SUM_I_FLG,ACS_MQLR0.MQL_MODELING_CLEAN_POSITIVE_20JAN2022
LDR_LEAD_INDIV_SUM_I,ACS_MQLR0.MQL_MODELING_CLEAN_POSITIVE_20JAN2022
LDR_WON_DTL_REVN_INDIV_SUM_I_FLG,ACS_MQLR0.MQL_MODELING_CLEAN_POSITIVE_20JAN2022
PUB_CLOUD_153QH_LEAD_INDIV_SUM_I_FLG,ACS_MQLR0.MQL_MODELING_CLEAN_POSITIVE_20JAN2022
IBM_AUTO_15IGO_LEAD_INDIV_SUM_I_FLG,ACS_MQLR0.MQL_MODELING_CLEAN_POSITIVE_20JAN2022
DATA_AI_15ANP_LEAD_INDIV_SUM_I_FLG,ACS_MQLR0.MQL_MODELING_CLEAN_POSITIVE_20JAN2022
HYBRID_CLOUD_15CAI_LEAD_INDIV_SUM_I_FLG,ACS_MQLR0.MQL_MODELING_CLEAN_POSITIVE_20JAN2022
TECH_SUPP_15TSS_LEAD_INDIV_SUM_I_FLG,ACS_MQLR0.MQL_MODELING_CLEAN_POSITIVE_20JAN2022
SEC_SVC_15STS_LEAD_INDIV_SUM_I_FLG,ACS_MQLR0.MQL_MODELING_CLEAN_POSITIVE_20JAN2022
SEC_SW_15SCT_LEAD_INDIV_SUM_I_FLG,ACS_MQLR0.MQL_MODELING_CLEAN_POSITIVE_20JAN2022
STORAGE_15STT_LEAD_INDIV_SUM_I_FLG,ACS_MQLR0.MQL_MODELING_CLEAN_POSITIVE_20JAN2022
DATA_AI_15ANP_WON_LEAD_INDIV_SUM_I_FLG,ACS_MQLR0.MQL_MODELING_CLEAN_POSITIVE_20JAN2022
BUS_TRANS_15CPT_WON_LEAD_INDIV_SUM_I_FLG,ACS_MQLR0.MQL_MODELING_CLEAN_POSITIVE_20JAN2022
TECH_SUPP_15TSS_WON_LEAD_INDIV_SUM_I_FLG,ACS_MQLR0.MQL_MODELING_CLEAN_POSITIVE_20JAN2022
IBM_AUTO_15IGO_WON_DTL_REVN_INDIV_SUM_I_FLG,ACS_MQLR0.MQL_MODELING_CLEAN_POSITIVE_20JAN2022
STORAGE_15STT_WON_DTL_REVN_INDIV_SUM_I_FLG,ACS_MQLR0.MQL_MODELING_CLEAN_POSITIVE_20JAN2022
DATA_TECH_TRNS_20J05_LEAD_INDIV_SUM_I_FLG,ACS_MQLR0.MQL_MODELING_CLEAN_POSITIVE_20JAN2022
TSS_MULTI_VEND_20G19_LEAD_INDIV_SUM_I_FLG,ACS_MQLR0.MQL_MODELING_CLEAN_POSITIVE_20JAN2022
INTR_CONS_COMP_FLG,ACS_MQLR0.MQL_MODELING_CLEAN_POSITIVE_20JAN2022
INTR_CONS_COMP_CNT,ACS_MQLR0.MQL_MODELING_CLEAN_POSITIVE_20JAN2022
INTR_SOFT_COMP_CNT,ACS_MQLR0.MQL_MODELING_CLEAN_POSITIVE_20JAN2022
INTR_INFR_COMP_CNT,ACS_MQLR0.MQL_MODELING_CLEAN_POSITIVE_20JAN2022
INTR_15STT_COMP_CNT,ACS_MQLR0.MQL_MODELING_CLEAN_POSITIVE_20JAN2022
INTR_15ISS_COMP_CNT,ACS_MQLR0.MQL_MODELING_CLEAN_POSITIVE_20JAN2022
INTR_15SCT_COMP_CNT,ACS_MQLR0.MQL_MODELING_CLEAN_POSITIVE_20JAN2022
INTR_15PHW_COMP_CNT,ACS_MQLR0.MQL_MODELING_CLEAN_POSITIVE_20JAN2022
INTR_15ANP_COMP_CNT,ACS_MQLR0.MQL_MODELING_CLEAN_POSITIVE_20JAN2022
INTR_15WCGE_COMP_CNT,ACS_MQLR0.MQL_MODELING_CLEAN_POSITIVE_20JAN2022
INTR_15WTH_COMP_CNT,ACS_MQLR0.MQL_MODELING_CLEAN_POSITIVE_20JAN2022
INTR_15MHW_COMP_CNT,ACS_MQLR0.MQL_MODELING_CLEAN_POSITIVE_20JAN2022
INTR_15EDG_COMP_CNT,ACS_MQLR0.MQL_MODELING_CLEAN_POSITIVE_20JAN2022
INTR_15STS_COMP_CNT,ACS_MQLR0.MQL_MODELING_CLEAN_POSITIVE_20JAN2022
INTR_15MFT_COMP_CNT,ACS_MQLR0.MQL_MODELING_CLEAN_POSITIVE_20JAN2022
INTR_153QH_COMP_CNT,ACS_MQLR0.MQL_MODELING_CLEAN_POSITIVE_20JAN2022
INTR_15ITT_COMP_CNT,ACS_MQLR0.MQL_MODELING_CLEAN_POSITIVE_20JAN2022
INTR_15MSC_COMP_CNT,ACS_MQLR0.MQL_MODELING_CLEAN_POSITIVE_20JAN2022
INTR_20A0K_COMP_CNT,ACS_MQLR0.MQL_MODELING_CLEAN_POSITIVE_20JAN2022
INTR_20A0M_COMP_CNT,ACS_MQLR0.MQL_MODELING_CLEAN_POSITIVE_20JAN2022
INTR_20A0N_COMP_CNT,ACS_MQLR0.MQL_MODELING_CLEAN_POSITIVE_20JAN2022
INTR_20A0O_COMP_CNT,ACS_MQLR0.MQL_MODELING_CLEAN_POSITIVE_20JAN2022
INTR_20A0V_COMP_CNT,ACS_MQLR0.MQL_MODELING_CLEAN_POSITIVE_20JAN2022
INTR_20A0W_COMP_CNT,ACS_MQLR0.MQL_MODELING_CLEAN_POSITIVE_20JAN2022
INTR_20A11_COMP_CNT,ACS_MQLR0.MQL_MODELING_CLEAN_POSITIVE_20JAN2022
INTR_20A46_COMP_CNT,ACS_MQLR0.MQL_MODELING_CLEAN_POSITIVE_20JAN2022
INTR_20AJ5_COMP_CNT,ACS_MQLR0.MQL_MODELING_CLEAN_POSITIVE_20JAN2022
INTR_20APO_COMP_CNT,ACS_MQLR0.MQL_MODELING_CLEAN_POSITIVE_20JAN2022
INTR_20AU4_COMP_CNT,ACS_MQLR0.MQL_MODELING_CLEAN_POSITIVE_20JAN2022
INTR_20B0E_COMP_CNT,ACS_MQLR0.MQL_MODELING_CLEAN_POSITIVE_20JAN2022
INTR_20B14_COMP_CNT,ACS_MQLR0.MQL_MODELING_CLEAN_POSITIVE_20JAN2022
INTR_20B17_COMP_CNT,ACS_MQLR0.MQL_MODELING_CLEAN_POSITIVE_20JAN2022
INTR_20B1A_COMP_CNT,ACS_MQLR0.MQL_MODELING_CLEAN_POSITIVE_20JAN2022
INTR_20B1J_COMP_CNT,ACS_MQLR0.MQL_MODELING_CLEAN_POSITIVE_20JAN2022
INTR_20B2L_COMP_CNT,ACS_MQLR0.MQL_MODELING_CLEAN_POSITIVE_20JAN2022
INTR_20B2M_COMP_CNT,ACS_MQLR0.MQL_MODELING_CLEAN_POSITIVE_20JAN2022
INTR_20B2O_COMP_CNT,ACS_MQLR0.MQL_MODELING_CLEAN_POSITIVE_20JAN2022
INTR_20B2P_COMP_CNT,ACS_MQLR0.MQL_MODELING_CLEAN_POSITIVE_20JAN2022
INTR_20BEQ_COMP_CNT,ACS_MQLR0.MQL_MODELING_CLEAN_POSITIVE_20JAN2022
INTR_20C09_COMP_CNT,ACS_MQLR0.MQL_MODELING_CLEAN_POSITIVE_20JAN2022
INTR_20C0H_COMP_CNT,ACS_MQLR0.MQL_MODELING_CLEAN_POSITIVE_20JAN2022
INTR_20C0M_COMP_CNT,ACS_MQLR0.MQL_MODELING_CLEAN_POSITIVE_20JAN2022
INTR_20C0R_COMP_CNT,ACS_MQLR0.MQL_MODELING_CLEAN_POSITIVE_20JAN2022
INTR_20CCM_COMP_CNT,ACS_MQLR0.MQL_MODELING_CLEAN_POSITIVE_20JAN2022
INTR_20COP_COMP_CNT,ACS_MQLR0.MQL_MODELING_CLEAN_POSITIVE_20JAN2022
INTR_20D03_COMP_CNT,ACS_MQLR0.MQL_MODELING_CLEAN_POSITIVE_20JAN2022
INTR_20D0D_COMP_CNT,ACS_MQLR0.MQL_MODELING_CLEAN_POSITIVE_20JAN2022
INTR_20D0F_COMP_CNT,ACS_MQLR0.MQL_MODELING_CLEAN_POSITIVE_20JAN2022
INTR_20F02_COMP_CNT,ACS_MQLR0.MQL_MODELING_CLEAN_POSITIVE_20JAN2022
INTR_20GKU_COMP_CNT,ACS_MQLR0.MQL_MODELING_CLEAN_POSITIVE_20JAN2022
INTR_20J10_COMP_CNT,ACS_MQLR0.MQL_MODELING_CLEAN_POSITIVE_20JAN2022
INTR_10SOFT_INDIV_FLG,ACS_MQLR0.MQL_MODELING_CLEAN_POSITIVE_20JAN2022
INTR_10INFR_INDIV_FLG,ACS_MQLR0.MQL_MODELING_CLEAN_POSITIVE_20JAN2022
INTR_10MISC_INDIV_CNT,ACS_MQLR0.MQL_MODELING_CLEAN_POSITIVE_20JAN2022
INTR_10SOFT_INDIV_CNT,ACS_MQLR0.MQL_MODELING_CLEAN_POSITIVE_20JAN2022
INTR_10INFR_INDIV_CNT,ACS_MQLR0.MQL_MODELING_CLEAN_POSITIVE_20JAN2022
INTR_15SCT_INDIV_CNT,ACS_MQLR0.MQL_MODELING_CLEAN_POSITIVE_20JAN2022
INTR_15ANP_INDIV_CNT,ACS_MQLR0.MQL_MODELING_CLEAN_POSITIVE_20JAN2022
INTR_15IGO_INDIV_CNT,ACS_MQLR0.MQL_MODELING_CLEAN_POSITIVE_20JAN2022
UT15_CODE_153QH_FLG,ACS_MQLR0.MQL_MODELING_CLEAN_POSITIVE_20JAN2022
DEVICE_TYPE_M_FLG,ACS_MQLR0.MQL_MODELING_CLEAN_POSITIVE_20JAN2022
UT15_CODE_15IGO_FLG,ACS_MQLR0.MQL_MODELING_CLEAN_POSITIVE_20JAN2022
UT15_CODE_15SCT_FLG,ACS_MQLR0.MQL_MODELING_CLEAN_POSITIVE_20JAN2022
UT15_CODE_15ANP_FLG,ACS_MQLR0.MQL_MODELING_CLEAN_POSITIVE_20JAN2022
UT10_CODE_10A00,ACS_MQLR0.MQL_MODELING_CLEAN_POSITIVE_20JAN2022
UT10_CODE_G0000,ACS_MQLR0.MQL_MODELING_CLEAN_POSITIVE_20JAN2022
WEB_VISIT_CNT,ACS_MQLR0.MQL_MODELING_CLEAN_POSITIVE_20JAN2022
PAGE_VIEW_CNT,ACS_MQLR0.MQL_MODELING_CLEAN_POSITIVE_20JAN2022
